BASE_YEAR,CTPRVN_CD,CTPRVN_NM,SIGNGU_CD,SIGNGU_NM,SIGNGU_ACCTO_POPLTN_CO,SIGNGU_ACCTO_FCLTY_CO,RECIPT_FLAG_CD,RECIPT_FLAG_NM,CRRSPND_FLAG_TRGET_NMPR_CO,CRRSPND_FLAG_RECIPT_NMPR_CO
"2025","11","서울특별시","11110","종로구","137857","33","N","차상위계층 및 한부모가정","321","16"
"2025","11","서울특별시","11110","종로구","137857","33","S","기초수급생활대상자","367","70"
"2025","11","서울특별시","11140","중구","118861","27","N","차상위계층 및 한부모가정","278","7"
"2025","11","서울특별시","11140","중구","118861","27","S","기초수급생활대상자","417","84"
"2025","11","서울특별시","11170","용산구","202971","42","N","차상위계층 및 한부모가정","449","14"
"2025","11","서울특별시","11170","용산구","202971","42","S","기초수급생활대상자","699","197"
"2025","11","서울특별시","11200","성동구","272979","65","N","차상위계층 및 한부모가정","602","9"
"2025","11","서울특별시","11200","성동구","272979","65","S","기초수급생활대상자","752","161"
"2025","11","서울특별시","11215","광진구","332833","103","N","차상위계층 및 한부모가정","1147","37"
"2025","11","서울특별시","11215","광진구","332833","103","S","기초수급생활대상자","1435","396"
"2025","11","서울특별시","11230","동대문구","343695","122","N","차상위계층 및 한부모가정","1059","36"
"2025","11","서울특별시","11230","동대문구","343695","122","S","기초수급생활대상자","1289","408"
"2025","11","서울특별시","11260","중랑구","377334","172","N","차상위계층 및 한부모가정","2267","56"
"2025","11","서울특별시","11260","중랑구","377334","172","S","기초수급생활대상자","2849","794"
"2025","11","서울특별시","11290","성북구","424247","143","N","차상위계층 및 한부모가정","1493","56"
"2025","11","서울특별시","11290","성북구","424247","143","S","기초수급생활대상자","1920","560"
"2025","11","서울특별시","11305","강북구","280813","142","N","차상위계층 및 한부모가정","1779","99"
"2025","11","서울특별시","11305","강북구","280813","142","S","기초수급생활대상자","2128","740"
"2025","11","서울특별시","11320","도봉구","301161","127","N","차상위계층 및 한부모가정","1778","55"
"2025","11","서울특별시","11320","도봉구","301161","127","S","기초수급생활대상자","1960","609"
"2025","11","서울특별시","11350","노원구","486173","253","N","차상위계층 및 한부모가정","2043","43"
"2025","11","서울특별시","11350","노원구","486173","253","S","기초수급생활대상자","2619","642"
"2025","11","서울특별시","11380","은평구","458642","203","N","차상위계층 및 한부모가정","2025","57"
"2025","11","서울특별시","11380","은평구","458642","203","S","기초수급생활대상자","2722","770"
"2025","11","서울특별시","11410","서대문구","301097","126","N","차상위계층 및 한부모가정","827","43"
"2025","11","서울특별시","11410","서대문구","301097","126","S","기초수급생활대상자","1102","383"
"2025","11","서울특별시","11440","마포구","359125","104","N","차상위계층 및 한부모가정","734","33"
"2025","11","서울특별시","11440","마포구","359125","104","S","기초수급생활대상자","867","269"
"2025","11","서울특별시","11470","양천구","427379","177","N","차상위계층 및 한부모가정","1576","41"
"2025","11","서울특별시","11470","양천구","427379","177","S","기초수급생활대상자","1955","601"
"2025","11","서울특별시","11500","강서구","551848","223","N","차상위계층 및 한부모가정","2358","65"
"2025","11","서울특별시","11500","강서구","551848","223","S","기초수급생활대상자","2858","839"
"2025","11","서울특별시","11530","구로구","385786","149","N","차상위계층 및 한부모가정","1553","62"
"2025","11","서울특별시","11530","구로구","385786","149","S","기초수급생활대상자","1893","643"
"2025","11","서울특별시","11545","금천구","223771","110","N","차상위계층 및 한부모가정","1156","59"
"2025","11","서울특별시","11545","금천구","223771","110","S","기초수급생활대상자","1279","483"
"2025","11","서울특별시","11560","영등포구","372690","106","N","차상위계층 및 한부모가정","612","30"
"2025","11","서울특별시","11560","영등포구","372690","106","S","기초수급생활대상자","975","162"
"2025","11","서울특별시","11590","동작구","374200","117","N","차상위계층 및 한부모가정","775","27"
"2025","11","서울특별시","11590","동작구","374200","117","S","기초수급생활대상자","1137","331"
"2025","11","서울특별시","11620","관악구","479285","147","N","차상위계층 및 한부모가정","1469","34"
"2025","11","서울특별시","11620","관악구","479285","147","S","기초수급생활대상자","1893","519"
"2025","11","서울특별시","11650","서초구","409387","82","N","차상위계층 및 한부모가정","657","42"
"2025","11","서울특별시","11650","서초구","409387","82","S","기초수급생활대상자","822","328"
"2025","11","서울특별시","11680","강남구","556429","114","N","차상위계층 및 한부모가정","768","10"
"2025","11","서울특별시","11680","강남구","556429","114","S","기초수급생활대상자","1171","303"
"2025","11","서울특별시","11710","송파구","646256","175","N","차상위계층 및 한부모가정","1641","25"
"2025","11","서울특별시","11710","송파구","646256","175","S","기초수급생활대상자","2029","617"
"2025","11","서울특별시","11740","강동구","498673","186","N","차상위계층 및 한부모가정","1643","93"
"2025","11","서울특별시","11740","강동구","498673","186","S","기초수급생활대상자","1793","520"
"2025","26","부산광역시","26110","중구","36936","13","N","차상위계층 및 한부모가정","250","5"
"2025","26","부산광역시","26110","중구","36936","13","S","기초수급생활대상자","303","86"
"2025","26","부산광역시","26140","서구","102526","40","N","차상위계층 및 한부모가정","664","13"
"2025","26","부산광역시","26140","서구","102526","40","S","기초수급생활대상자","996","254"
"2025","26","부산광역시","26170","동구","84431","36","N","차상위계층 및 한부모가정","565","23"
"2025","26","부산광역시","26170","동구","84431","36","S","기초수급생활대상자","800","285"
"2025","26","부산광역시","26200","영도구","102367","37","N","차상위계층 및 한부모가정","875","23"
"2025","26","부산광역시","26200","영도구","102367","37","S","기초수급생활대상자","1118","366"
"2025","26","부산광역시","26230","부산진구","364987","163","N","차상위계층 및 한부모가정","1780","25"
"2025","26","부산광역시","26230","부산진구","364987","163","S","기초수급생활대상자","2257","720"
"2025","26","부산광역시","26260","동래구","274362","144","N","차상위계층 및 한부모가정","1213","35"
"2025","26","부산광역시","26260","동래구","274362","144","S","기초수급생활대상자","1661","541"
"2025","26","부산광역시","26290","남구","251950","108","N","차상위계층 및 한부모가정","1109","32"
"2025","26","부산광역시","26290","남구","251950","108","S","기초수급생활대상자","1419","464"
"2025","26","부산광역시","26320","북구","264537","169","N","차상위계층 및 한부모가정","1679","17"
"2025","26","부산광역시","26320","북구","264537","169","S","기초수급생활대상자","2220","827"
"2025","26","부산광역시","26350","해운대구","373879","181","N","차상위계층 및 한부모가정","1859","44"
"2025","26","부산광역시","26350","해운대구","373879","181","S","기초수급생활대상자","2483","851"
"2025","26","부산광역시","26380","사하구","288817","176","N","차상위계층 및 한부모가정","2258","44"
"2025","26","부산광역시","26380","사하구","288817","176","S","기초수급생활대상자","2975","1056"
"2025","26","부산광역시","26410","금정구","207955","76","N","차상위계층 및 한부모가정","996","28"
"2025","26","부산광역시","26410","금정구","207955","76","S","기초수급생활대상자","1376","411"
"2025","26","부산광역시","26440","강서구","146843","101","N","차상위계층 및 한부모가정","763","15"
"2025","26","부산광역시","26440","강서구","146843","101","S","기초수급생활대상자","968","363"
"2025","26","부산광역시","26470","연제구","211068","114","N","차상위계층 및 한부모가정","1054","10"
"2025","26","부산광역시","26470","연제구","211068","114","S","기초수급생활대상자","1294","399"
"2025","26","부산광역시","26500","수영구","170124","84","N","차상위계층 및 한부모가정","830","9"
"2025","26","부산광역시","26500","수영구","170124","84","S","기초수급생활대상자","1037","344"
"2025","26","부산광역시","26530","사상구","195980","95","N","차상위계층 및 한부모가정","1145","14"
"2025","26","부산광역시","26530","사상구","195980","95","S","기초수급생활대상자","1486","496"
"2025","26","부산광역시","26710","기장군","174863","162","N","차상위계층 및 한부모가정","1492","37"
"2025","26","부산광역시","26710","기장군","174863","162","S","기초수급생활대상자","1888","685"
"2025","27","대구광역시","27110","중구","100332","45","N","차상위계층 및 한부모가정","410","7"
"2025","27","대구광역시","27110","중구","100332","45","S","기초수급생활대상자","491","182"
"2025","27","대구광역시","27140","동구","340495","168","N","차상위계층 및 한부모가정","2184","134"
"2025","27","대구광역시","27140","동구","340495","168","S","기초수급생활대상자","2496","914"
"2025","27","대구광역시","27170","서구","160919","77","N","차상위계층 및 한부모가정","1400","21"
"2025","27","대구광역시","27170","서구","160919","77","S","기초수급생활대상자","1836","607"
"2025","27","대구광역시","27200","남구","136417","52","N","차상위계층 및 한부모가정","1232","37"
"2025","27","대구광역시","27200","남구","136417","52","S","기초수급생활대상자","1727","560"
"2025","27","대구광역시","27230","북구","411135","252","N","차상위계층 및 한부모가정","2750","102"
"2025","27","대구광역시","27230","북구","411135","252","S","기초수급생활대상자","3107","1060"
"2025","27","대구광역시","27260","수성구","409457","206","N","차상위계층 및 한부모가정","1905","82"
"2025","27","대구광역시","27260","수성구","409457","206","S","기초수급생활대상자","2569","800"
"2025","27","대구광역시","27290","달서구","520110","319","N","차상위계층 및 한부모가정","3253","144"
"2025","27","대구광역시","27290","달서구","520110","319","S","기초수급생활대상자","3928","1404"
"2025","27","대구광역시","27710","달성군","255785","162","N","차상위계층 및 한부모가정","1915","54"
"2025","27","대구광역시","27710","달성군","255785","162","S","기초수급생활대상자","2474","940"
"2025","27","대구광역시","27720","군위군","22390","2","N","차상위계층 및 한부모가정","77","4"
"2025","27","대구광역시","27720","군위군","22390","2","S","기초수급생활대상자","109","31"
"2025","28","인천광역시","28110","중구","173592","75","N","차상위계층 및 한부모가정","950","4"
"2025","28","인천광역시","28110","중구","173592","75","S","기초수급생활대상자","1399","387"
"2025","28","인천광역시","28140","동구","57125","27","N","차상위계층 및 한부모가정","342","10"
"2025","28","인천광역시","28140","동구","57125","27","S","기초수급생활대상자","417","152"
"2025","28","인천광역시","28177","미추홀구","417767","185","N","차상위계층 및 한부모가정","3684","40"
"2025","28","인천광역시","28177","미추홀구","417767","185","S","기초수급생활대상자","4412","1067"
"2025","28","인천광역시","28185","연수구","405380","141","N","차상위계층 및 한부모가정","1403","41"
"2025","28","인천광역시","28185","연수구","405380","141","S","기초수급생활대상자","1883","534"
"2025","28","인천광역시","28200","남동구","482128","315","N","차상위계층 및 한부모가정","4136","77"
"2025","28","인천광역시","28200","남동구","482128","315","S","기초수급생활대상자","5117","1647"
"2025","28","인천광역시","28237","부평구","493043","255","N","차상위계층 및 한부모가정","3132","77"
"2025","28","인천광역시","28237","부평구","493043","255","S","기초수급생활대상자","4184","1417"
"2025","28","인천광역시","28245","계양구","277321","153","N","차상위계층 및 한부모가정","2060","65"
"2025","28","인천광역시","28245","계양구","277321","153","S","기초수급생활대상자","2530","719"
"2025","28","인천광역시","28260","서구","645541","370","N","차상위계층 및 한부모가정","4172","57"
"2025","28","인천광역시","28260","서구","645541","370","S","기초수급생활대상자","5259","1315"
"2025","28","인천광역시","28710","강화군","69600","19","N","차상위계층 및 한부모가정","369","7"
"2025","28","인천광역시","28710","강화군","69600","19","S","기초수급생활대상자","489","167"
"2025","28","인천광역시","28720","옹진군","19718","4","N","차상위계층 및 한부모가정","47","2"
"2025","28","인천광역시","28720","옹진군","19718","4","S","기초수급생활대상자","56","11"
"2025","29","광주광역시","29110","동구","104942","69","N","차상위계층 및 한부모가정","453","19"
"2025","29","광주광역시","29110","동구","104942","69","S","기초수급생활대상자","828","278"
"2025","29","광주광역시","29140","서구","276353","235","N","차상위계층 및 한부모가정","2089","75"
"2025","29","광주광역시","29140","서구","276353","235","S","기초수급생활대상자","2666","869"
"2025","29","광주광역시","29155","남구","207943","151","N","차상위계층 및 한부모가정","1823","42"
"2025","29","광주광역시","29155","남구","207943","151","S","기초수급생활대상자","2336","813"
"2025","29","광주광역시","29170","북구","419872","330","N","차상위계층 및 한부모가정","3740","131"
"2025","29","광주광역시","29170","북구","419872","330","S","기초수급생활대상자","4780","1691"
"2025","29","광주광역시","29200","광산구","389428","320","N","차상위계층 및 한부모가정","3740","112"
"2025","29","광주광역시","29200","광산구","389428","320","S","기초수급생활대상자","4754","1560"
"2025","30","대전광역시","30110","동구","219436","108","N","차상위계층 및 한부모가정","1814","48"
"2025","30","대전광역시","30110","동구","219436","108","S","기초수급생활대상자","2442","723"
"2025","30","대전광역시","30140","중구","226131","138","N","차상위계층 및 한부모가정","1538","73"
"2025","30","대전광역시","30140","중구","226131","138","S","기초수급생활대상자","1822","650"
"2025","30","대전광역시","30170","서구","461910","278","N","차상위계층 및 한부모가정","2718","107"
"2025","30","대전광역시","30170","서구","461910","278","S","기초수급생활대상자","3197","987"
"2025","30","대전광역시","30200","유성구","366514","173","N","차상위계층 및 한부모가정","1576","60"
"2025","30","대전광역시","30200","유성구","366514","173","S","기초수급생활대상자","1774","589"
"2025","30","대전광역시","30230","대덕구","166691","106","N","차상위계층 및 한부모가정","1415","32"
"2025","30","대전광역시","30230","대덕구","166691","106","S","기초수급생활대상자","1852","551"
"2025","31","울산광역시","31110","중구","204666","85","N","차상위계층 및 한부모가정","1178","30"
"2025","31","울산광역시","31110","중구","204666","85","S","기초수급생활대상자","1124","302"
"2025","31","울산광역시","31140","남구","304239","149","N","차상위계층 및 한부모가정","1374","18"
"2025","31","울산광역시","31140","남구","304239","149","S","기초수급생활대상자","1381","391"
"2025","31","울산광역시","31170","동구","149920","80","N","차상위계층 및 한부모가정","1128","26"
"2025","31","울산광역시","31170","동구","149920","80","S","기초수급생활대상자","1217","339"
"2025","31","울산광역시","31200","북구","215777","144","N","차상위계층 및 한부모가정","1322","30"
"2025","31","울산광역시","31200","북구","215777","144","S","기초수급생활대상자","1323","351"
"2025","31","울산광역시","31710","울주군","218715","112","N","차상위계층 및 한부모가정","1239","22"
"2025","31","울산광역시","31710","울주군","218715","112","S","기초수급생활대상자","1325","330"
"2025","36","세종특별자치시","36110","세종특별자치시","392154","230","N","차상위계층 및 한부모가정","1502","16"
"2025","36","세종특별자치시","36110","세종특별자치시","392154","230","S","기초수급생활대상자","1811","541"
"2025","41","경기도","41110","수원시","1190252","406","N","차상위계층 및 한부모가정","3647","131"
"2025","41","경기도","41110","수원시","1190252","406","S","기초수급생활대상자","3650","917"
"2025","41","경기도","41130","성남시","908464","348","N","차상위계층 및 한부모가정","2972","64"
"2025","41","경기도","41130","성남시","908464","348","S","기초수급생활대상자","3701","1178"
"2025","41","경기도","41150","의정부시","461531","315","N","차상위계층 및 한부모가정","3288","103"
"2025","41","경기도","41150","의정부시","461531","315","S","기초수급생활대상자","3530","982"
"2025","41","경기도","41170","안양시","563679","191","N","차상위계층 및 한부모가정","1529","61"
"2025","41","경기도","41170","안양시","563679","191","S","기초수급생활대상자","1758","472"
"2025","41","경기도","41190","부천시","763025","363","N","차상위계층 및 한부모가정","3238","73"
"2025","41","경기도","41190","부천시","763025","363","S","기초수급생활대상자","3521","936"
"2025","41","경기도","41192","원미구","386759","0","N","차상위계층 및 한부모가정",,"0"
"2025","41","경기도","41192","원미구","386759","0","S","기초수급생활대상자",,"0"
"2025","41","경기도","41194","소사구","226236","0","N","차상위계층 및 한부모가정",,"0"
"2025","41","경기도","41194","소사구","226236","0","S","기초수급생활대상자",,"0"
"2025","41","경기도","41196","오정구","150030","0","N","차상위계층 및 한부모가정",,"0"
"2025","41","경기도","41196","오정구","150030","0","S","기초수급생활대상자",,"0"
"2025","41","경기도","41210","광명시","288100","125","N","차상위계층 및 한부모가정","878","18"
"2025","41","경기도","41210","광명시","288100","125","S","기초수급생활대상자","1134","354"
"2025","41","경기도","41220","평택시","603035","341","N","차상위계층 및 한부모가정","3099","64"
"2025","41","경기도","41220","평택시","603035","341","S","기초수급생활대상자","3678","932"
"2025","41","경기도","41250","동두천시","86875","54","N","차상위계층 및 한부모가정","1010","8"
"2025","41","경기도","41250","동두천시","86875","54","S","기초수급생활대상자","1313","370"
"2025","41","경기도","41270","안산시","614772","371","N","차상위계층 및 한부모가정","4536","88"
"2025","41","경기도","41270","안산시","614772","371","S","기초수급생활대상자","5347","1490"
"2025","41","경기도","41280","고양시","1061752","529","N","차상위계층 및 한부모가정","3724","102"
"2025","41","경기도","41280","고양시","1061752","529","S","기초수급생활대상자","4520","1437"
"2025","41","경기도","41290","과천시","81239","12","N","차상위계층 및 한부모가정","77","2"
"2025","41","경기도","41290","과천시","81239","12","S","기초수급생활대상자","108","28"
"2025","41","경기도","41310","구리시","186501","92","N","차상위계층 및 한부모가정","764","13"
"2025","41","경기도","41310","구리시","186501","92","S","기초수급생활대상자","874","249"
"2025","41","경기도","41360","남양주시","730386","423","N","차상위계층 및 한부모가정","3563","135"
"2025","41","경기도","41360","남양주시","730386","423","S","기초수급생활대상자","3977","1152"
"2025","41","경기도","41370","오산시","247034","133","N","차상위계층 및 한부모가정","1211","36"
"2025","41","경기도","41370","오산시","247034","133","S","기초수급생활대상자","1363","343"
"2025","41","경기도","41390","시흥시","514536","291","N","차상위계층 및 한부모가정","2636","61"
"2025","41","경기도","41390","시흥시","514536","291","S","기초수급생활대상자","3050","874"
"2025","41","경기도","41410","군포시","252768","134","N","차상위계층 및 한부모가정","1151","34"
"2025","41","경기도","41410","군포시","252768","134","S","기초수급생활대상자","1432","382"
"2025","41","경기도","41430","의왕시","156799","52","N","차상위계층 및 한부모가정","359","10"
"2025","41","경기도","41430","의왕시","156799","52","S","기초수급생활대상자","471","138"
"2025","41","경기도","41450","하남시","328014","151","N","차상위계층 및 한부모가정","840","24"
"2025","41","경기도","41450","하남시","328014","151","S","기초수급생활대상자","913","283"
"2025","41","경기도","41460","용인시","1092057","455","N","차상위계층 및 한부모가정","2348","37"
"2025","41","경기도","41460","용인시","1092057","455","S","기초수급생활대상자","3121","872"
"2025","41","경기도","41480","파주시","520823","274","N","차상위계층 및 한부모가정","3340","73"
"2025","41","경기도","41480","파주시","520823","274","S","기초수급생활대상자","4115","1138"
"2025","41","경기도","41500","이천시","224183","107","N","차상위계층 및 한부모가정","1064","27"
"2025","41","경기도","41500","이천시","224183","107","S","기초수급생활대상자","1217","326"
"2025","41","경기도","41550","안성시","196303","91","N","차상위계층 및 한부모가정","972","10"
"2025","41","경기도","41550","안성시","196303","91","S","기초수급생활대상자","1194","319"
"2025","41","경기도","41570","김포시","484954","220","N","차상위계층 및 한부모가정","1897","43"
"2025","41","경기도","41570","김포시","484954","220","S","기초수급생활대상자","2198","647"
"2025","41","경기도","41590","화성시","981815","457","N","차상위계층 및 한부모가정","2914","98"
"2025","41","경기도","41590","화성시","981815","457","S","기초수급생활대상자","3033","878"
"2025","41","경기도","41610","광주시","397365","177","N","차상위계층 및 한부모가정","1839","33"
"2025","41","경기도","41610","광주시","397365","177","S","기초수급생활대상자","2175","540"
"2025","41","경기도","41630","양주시","293404","214","N","차상위계층 및 한부모가정","2353","59"
"2025","41","경기도","41630","양주시","293404","214","S","기초수급생활대상자","2745","717"
"2025","41","경기도","41650","포천시","140971","70","N","차상위계층 및 한부모가정","1044","30"
"2025","41","경기도","41650","포천시","140971","70","S","기초수급생활대상자","1258","340"
"2025","41","경기도","41670","여주시","114289","48","N","차상위계층 및 한부모가정","732","8"
"2025","41","경기도","41670","여주시","114289","48","S","기초수급생활대상자","1057","229"
"2025","41","경기도","41800","연천군","41030","20","N","차상위계층 및 한부모가정","237","4"
"2025","41","경기도","41800","연천군","41030","20","S","기초수급생활대상자","312","60"
"2025","41","경기도","41820","가평군","62230","24","N","차상위계층 및 한부모가정","312","5"
"2025","41","경기도","41820","가평군","62230","24","S","기초수급생활대상자","402","68"
"2025","41","경기도","41830","양평군","126830","49","N","차상위계층 및 한부모가정","570","12"
"2025","41","경기도","41830","양평군","126830","49","S","기초수급생활대상자","788","197"
"2025","43","충청북도","43110","청주시","856247","464","N","차상위계층 및 한부모가정","5266","102"
"2025","43","충청북도","43110","청주시","856247","464","S","기초수급생활대상자","6236","1586"
"2025","43","충청북도","43130","충주시","206976","103","N","차상위계층 및 한부모가정","1356","21"
"2025","43","충청북도","43130","충주시","206976","103","S","기초수급생활대상자","1578","401"
"2025","43","충청북도","43150","제천시","128198","72","N","차상위계층 및 한부모가정","936","28"
"2025","43","충청북도","43150","제천시","128198","72","S","기초수급생활대상자","1180","294"
"2025","43","충청북도","43720","보은군","30374","9","N","차상위계층 및 한부모가정","160","2"
"2025","43","충청북도","43720","보은군","30374","9","S","기초수급생활대상자","224","41"
"2025","43","충청북도","43730","옥천군","48399","19","N","차상위계층 및 한부모가정","322","8"
"2025","43","충청북도","43730","옥천군","48399","19","S","기초수급생활대상자","399","69"
"2025","43","충청북도","43740","영동군","42947","16","N","차상위계층 및 한부모가정","202","3"
"2025","43","충청북도","43740","영동군","42947","16","S","기초수급생활대상자","302","62"
"2025","43","충청북도","43745","증평군","37156","19","N","차상위계층 및 한부모가정","288","2"
"2025","43","충청북도","43745","증평군","37156","19","S","기초수급생활대상자","334","76"
"2025","43","충청북도","43750","진천군","85882","41","N","차상위계층 및 한부모가정","484","4"
"2025","43","충청북도","43750","진천군","85882","41","S","기초수급생활대상자","538","105"
"2025","43","충청북도","43760","괴산군","35848","7","N","차상위계층 및 한부모가정","159","7"
"2025","43","충청북도","43760","괴산군","35848","7","S","기초수급생활대상자","194","39"
"2025","43","충청북도","43770","음성군","92753","42","N","차상위계층 및 한부모가정","480","4"
"2025","43","충청북도","43770","음성군","92753","42","S","기초수급생활대상자","768","120"
"2025","43","충청북도","43800","단양군","27035","4","N","차상위계층 및 한부모가정","128","4"
"2025","43","충청북도","43800","단양군","27035","4","S","기초수급생활대상자","171","37"
"2025","44","충청남도","44130","천안시","662677","291","N","차상위계층 및 한부모가정","3131","22"
"2025","44","충청남도","44130","천안시","662677","291","S","기초수급생활대상자","3591","826"
"2025","44","충청남도","44150","공주시","100605","50","N","차상위계층 및 한부모가정","588","9"
"2025","44","충청남도","44150","공주시","100605","50","S","기초수급생활대상자","788","198"
"2025","44","충청남도","44180","보령시","92663","36","N","차상위계층 및 한부모가정","620","7"
"2025","44","충청남도","44180","보령시","92663","36","S","기초수급생활대상자","823","162"
"2025","44","충청남도","44200","아산시","357602","191","N","차상위계층 및 한부모가정","1874","21"
"2025","44","충청남도","44200","아산시","357602","191","S","기초수급생활대상자","2240","596"
"2025","44","충청남도","44210","서산시","173017","64","N","차상위계층 및 한부모가정","842","41"
"2025","44","충청남도","44210","서산시","173017","64","S","기초수급생활대상자","1001","242"
"2025","44","충청남도","44230","논산시","107406","47","N","차상위계층 및 한부모가정","860","6"
"2025","44","충청남도","44230","논산시","107406","47","S","기초수급생활대상자","1286","318"
"2025","44","충청남도","44250","계룡시","46087","33","N","차상위계층 및 한부모가정","226","8"
"2025","44","충청남도","44250","계룡시","46087","33","S","기초수급생활대상자","273","70"
"2025","44","충청남도","44270","당진시","172577","58","N","차상위계층 및 한부모가정","866","8"
"2025","44","충청남도","44270","당진시","172577","58","S","기초수급생활대상자","995","211"
"2025","44","충청남도","44710","금산군","49266","20","N","차상위계층 및 한부모가정","351","7"
"2025","44","충청남도","44710","금산군","49266","20","S","기초수급생활대상자","424","118"
"2025","44","충청남도","44760","부여군","58797","24","N","차상위계층 및 한부모가정","378","14"
"2025","44","충청남도","44760","부여군","58797","24","S","기초수급생활대상자","551","127"
"2025","44","충청남도","44770","서천군","47605","19","N","차상위계층 및 한부모가정","254","4"
"2025","44","충청남도","44770","서천군","47605","19","S","기초수급생활대상자","292","58"
"2025","44","충청남도","44790","청양군","29212","9","N","차상위계층 및 한부모가정","174","2"
"2025","44","충청남도","44790","청양군","29212","9","S","기초수급생활대상자","216","51"
"2025","44","충청남도","44800","홍성군","100112","58","N","차상위계층 및 한부모가정","516","14"
"2025","44","충청남도","44800","홍성군","100112","58","S","기초수급생활대상자","687","193"
"2025","44","충청남도","44810","예산군","78881","28","N","차상위계층 및 한부모가정","334","22"
"2025","44","충청남도","44810","예산군","78881","28","S","기초수급생활대상자","491","132"
"2025","44","충청남도","44825","태안군","59792","21","N","차상위계층 및 한부모가정","300","1"
"2025","44","충청남도","44825","태안군","59792","21","S","기초수급생활대상자","413","97"
"2025","46","전라남도","46110","목포시","205782","124","N","차상위계층 및 한부모가정","2626","29"
"2025","46","전라남도","46110","목포시","205782","124","S","기초수급생활대상자","3417","841"
"2025","46","전라남도","46130","여수시","265101","144","N","차상위계층 및 한부모가정","1532","34"
"2025","46","전라남도","46130","여수시","265101","144","S","기초수급생활대상자","1884","467"
"2025","46","전라남도","46150","순천시","275324","139","N","차상위계층 및 한부모가정","1388","36"
"2025","46","전라남도","46150","순천시","275324","139","S","기초수급생활대상자","1747","480"
"2025","46","전라남도","46170","나주시","117237","85","N","차상위계층 및 한부모가정","921","35"
"2025","46","전라남도","46170","나주시","117237","85","S","기초수급생활대상자","1181","354"
"2025","46","전라남도","46230","광양시","155303","102","N","차상위계층 및 한부모가정","1053","22"
"2025","46","전라남도","46230","광양시","155303","102","S","기초수급생활대상자","1228","373"
"2025","46","전라남도","46710","담양군","44314","19","N","차상위계층 및 한부모가정","224","5"
"2025","46","전라남도","46710","담양군","44314","19","S","기초수급생활대상자","309","90"
"2025","46","전라남도","46720","곡성군","26591","9","N","차상위계층 및 한부모가정","104","1"
"2025","46","전라남도","46720","곡성군","26591","9","S","기초수급생활대상자","137","22"
"2025","46","전라남도","46730","구례군","23897","5","N","차상위계층 및 한부모가정","119","5"
"2025","46","전라남도","46730","구례군","23897","5","S","기초수급생활대상자","168","33"
"2025","46","전라남도","46770","고흥군","59805","18","N","차상위계층 및 한부모가정","337","12"
"2025","46","전라남도","46770","고흥군","59805","18","S","기초수급생활대상자","442","78"
"2025","46","전라남도","46780","보성군","36796","7","N","차상위계층 및 한부모가정","209","3"
"2025","46","전라남도","46780","보성군","36796","7","S","기초수급생활대상자","286","35"
"2025","46","전라남도","46790","화순군","60399","36","N","차상위계층 및 한부모가정","366","14"
"2025","46","전라남도","46790","화순군","60399","36","S","기초수급생활대상자","456","139"
"2025","46","전라남도","46800","장흥군","34235","13","N","차상위계층 및 한부모가정","235","2"
"2025","46","전라남도","46800","장흥군","34235","13","S","기초수급생활대상자","325","55"
"2025","46","전라남도","46810","강진군","31817","10","N","차상위계층 및 한부모가정","235","2"
"2025","46","전라남도","46810","강진군","31817","10","S","기초수급생활대상자","353","91"
"2025","46","전라남도","46820","해남군","62480","26","N","차상위계층 및 한부모가정","368","7"
"2025","46","전라남도","46820","해남군","62480","26","S","기초수급생활대상자","527","136"
"2025","46","전라남도","46830","영암군","50481","21","N","차상위계층 및 한부모가정","290","3"
"2025","46","전라남도","46830","영암군","50481","21","S","기초수급생활대상자","372","96"
"2025","46","전라남도","46840","무안군","94855","54","N","차상위계층 및 한부모가정","571","22"
"2025","46","전라남도","46840","무안군","94855","54","S","기초수급생활대상자","724","180"
"2025","46","전라남도","46860","함평군","29686","7","N","차상위계층 및 한부모가정","131","1"
"2025","46","전라남도","46860","함평군","29686","7","S","기초수급생활대상자","218","67"
"2025","46","전라남도","46870","영광군","53033","26","N","차상위계층 및 한부모가정","317","2"
"2025","46","전라남도","46870","영광군","53033","26","S","기초수급생활대상자","457","90"
"2025","46","전라남도","46880","장성군","42893","20","N","차상위계층 및 한부모가정","238","15"
"2025","46","전라남도","46880","장성군","42893","20","S","기초수급생활대상자","323","80"
"2025","46","전라남도","46890","완도군","44980","17","N","차상위계층 및 한부모가정","255","5"
"2025","46","전라남도","46890","완도군","44980","17","S","기초수급생활대상자","311","47"
"2025","46","전라남도","46900","진도군","28219","7","N","차상위계층 및 한부모가정","183","4"
"2025","46","전라남도","46900","진도군","28219","7","S","기초수급생활대상자","237","21"
"2025","46","전라남도","46910","신안군","38955","4","N","차상위계층 및 한부모가정","208","6"
"2025","46","전라남도","46910","신안군","38955","4","S","기초수급생활대상자","344","48"
"2025","47","경상북도","47110","포항시","489657","302","N","차상위계층 및 한부모가정","3571","54"
"2025","47","경상북도","47110","포항시","489657","302","S","기초수급생활대상자","4431","1106"
"2025","47","경상북도","47130","경주시","244342","118","N","차상위계층 및 한부모가정","1306","15"
"2025","47","경상북도","47130","경주시","244342","118","S","기초수급생활대상자","1709","394"
"2025","47","경상북도","47150","김천시","134669","61","N","차상위계층 및 한부모가정","842","14"
"2025","47","경상북도","47150","김천시","134669","61","S","기초수급생활대상자","1142","360"
"2025","47","경상북도","47170","안동시","153613","75","N","차상위계층 및 한부모가정","943","26"
"2025","47","경상북도","47170","안동시","153613","75","S","기초수급생활대상자","1152","349"
"2025","47","경상북도","47190","구미시","404053","264","N","차상위계층 및 한부모가정","2470","56"
"2025","47","경상북도","47190","구미시","404053","264","S","기초수급생활대상자","2709","774"
"2025","47","경상북도","47210","영주시","97842","56","N","차상위계층 및 한부모가정","644","10"
"2025","47","경상북도","47210","영주시","97842","56","S","기초수급생활대상자","833","257"
"2025","47","경상북도","47230","영천시","96420","51","N","차상위계층 및 한부모가정","663","13"
"2025","47","경상북도","47230","영천시","96420","51","S","기초수급생활대상자","896","343"
"2025","47","경상북도","47250","상주시","90799","34","N","차상위계층 및 한부모가정","465","12"
"2025","47","경상북도","47250","상주시","90799","34","S","기초수급생활대상자","642","156"
"2025","47","경상북도","47280","문경시","66032","22","N","차상위계층 및 한부모가정","285","9"
"2025","47","경상북도","47280","문경시","66032","22","S","기초수급생활대상자","339","80"
"2025","47","경상북도","47290","경산시","265328","136","N","차상위계층 및 한부모가정","1827","28"
"2025","47","경상북도","47290","경산시","265328","136","S","기초수급생활대상자","2221","514"
"2025","47","경상북도","47730","의성군","48239","8","N","차상위계층 및 한부모가정","197","7"
"2025","47","경상북도","47730","의성군","48239","8","S","기초수급생활대상자","298","68"
"2025","47","경상북도","47750","청송군","23558","4","N","차상위계층 및 한부모가정","78","2"
"2025","47","경상북도","47750","청송군","23558","4","S","기초수급생활대상자","105","19"
"2025","47","경상북도","47760","영양군","15214","3","N","차상위계층 및 한부모가정","94","6"
"2025","47","경상북도","47760","영양군","15214","3","S","기초수급생활대상자","142","35"
"2025","47","경상북도","47770","영덕군","32931","11","N","차상위계층 및 한부모가정","240","7"
"2025","47","경상북도","47770","영덕군","32931","11","S","기초수급생활대상자","315","50"
"2025","47","경상북도","47820","청도군","40287","9","N","차상위계층 및 한부모가정","166","3"
"2025","47","경상북도","47820","청도군","40287","9","S","기초수급생활대상자","211","66"
"2025","47","경상북도","47830","고령군","29812","8","N","차상위계층 및 한부모가정","210","10"
"2025","47","경상북도","47830","고령군","29812","8","S","기초수급생활대상자","257","86"
"2025","47","경상북도","47840","성주군","40984","12","N","차상위계층 및 한부모가정","206","7"
"2025","47","경상북도","47840","성주군","40984","12","S","기초수급생활대상자","295","42"
"2025","47","경상북도","47850","칠곡군","105560","58","N","차상위계층 및 한부모가정","995","8"
"2025","47","경상북도","47850","칠곡군","105560","58","S","기초수급생활대상자","1212","290"
"2025","47","경상북도","47900","예천군","54085","28","N","차상위계층 및 한부모가정","273","2"
"2025","47","경상북도","47900","예천군","54085","28","S","기초수급생활대상자","356","101"
"2025","47","경상북도","47920","봉화군","28452","6","N","차상위계층 및 한부모가정","101","1"
"2025","47","경상북도","47920","봉화군","28452","6","S","기초수급생활대상자","132","21"
"2025","47","경상북도","47930","울진군","45955","13","N","차상위계층 및 한부모가정","198","5"
"2025","47","경상북도","47930","울진군","45955","13","S","기초수급생활대상자","251","57"
"2025","47","경상북도","47940","울릉군","8921","1","N","차상위계층 및 한부모가정","30","0"
"2025","47","경상북도","47940","울릉군","8921","1","S","기초수급생활대상자","28","3"
"2025","48","경상남도","48120","창원시","994283","544","N","차상위계층 및 한부모가정","5981","112"
"2025","48","경상남도","48120","창원시","994283","544","S","기초수급생활대상자","7287","2031"
"2025","48","경상남도","48170","진주시","337315","217","N","차상위계층 및 한부모가정","2313","63"
"2025","48","경상남도","48170","진주시","337315","217","S","기초수급생활대상자","2805","1031"
"2025","48","경상남도","48220","통영시","117355","81","N","차상위계층 및 한부모가정","1281","23"
"2025","48","경상남도","48220","통영시","117355","81","S","기초수급생활대상자","1664","503"
"2025","48","경상남도","48240","사천시","108151","67","N","차상위계층 및 한부모가정","800","11"
"2025","48","경상남도","48240","사천시","108151","67","S","기초수급생활대상자","1011","307"
"2025","48","경상남도","48250","김해시","532623","417","N","차상위계층 및 한부모가정","4289","38"
"2025","48","경상남도","48250","김해시","532623","417","S","기초수급생활대상자","5211","1349"
"2025","48","경상남도","48270","밀양시","99787","53","N","차상위계층 및 한부모가정","568","20"
"2025","48","경상남도","48270","밀양시","99787","53","S","기초수급생활대상자","815","254"
"2025","48","경상남도","48310","거제시","231664","155","N","차상위계층 및 한부모가정","1763","47"
"2025","48","경상남도","48310","거제시","231664","155","S","기초수급생활대상자","2294","794"
"2025","48","경상남도","48330","양산시","360333","238","N","차상위계층 및 한부모가정","2523","73"
"2025","48","경상남도","48330","양산시","360333","238","S","기초수급생활대상자","2704","693"
"2025","48","경상남도","48720","의령군","24800","6","N","차상위계층 및 한부모가정","121","3"
"2025","48","경상남도","48720","의령군","24800","6","S","기초수급생활대상자","178","35"
"2025","48","경상남도","48730","함안군","57995","24","N","차상위계층 및 한부모가정","369","4"
"2025","48","경상남도","48730","함안군","57995","24","S","기초수급생활대상자","465","105"
"2025","48","경상남도","48740","창녕군","55171","17","N","차상위계층 및 한부모가정","384","5"
"2025","48","경상남도","48740","창녕군","55171","17","S","기초수급생활대상자","477","109"
"2025","48","경상남도","48820","고성군","47398","23","N","차상위계층 및 한부모가정","291","10"
"2025","48","경상남도","48820","고성군","47398","23","S","기초수급생활대상자","513","148"
"2025","48","경상남도","48840","남해군","39352","9","N","차상위계층 및 한부모가정","217","7"
"2025","48","경상남도","48840","남해군","39352","9","S","기초수급생활대상자","300","53"
"2025","48","경상남도","48850","하동군","40279","10","N","차상위계층 및 한부모가정","208","5"
"2025","48","경상남도","48850","하동군","40279","10","S","기초수급생활대상자","326","68"
"2025","48","경상남도","48860","산청군","33023","8","N","차상위계층 및 한부모가정","151","6"
"2025","48","경상남도","48860","산청군","33023","8","S","기초수급생활대상자","213","60"
"2025","48","경상남도","48870","함양군","35679","13","N","차상위계층 및 한부모가정","230","2"
"2025","48","경상남도","48870","함양군","35679","13","S","기초수급생활대상자","384","128"
"2025","48","경상남도","48880","거창군","59268","42","N","차상위계층 및 한부모가정","409","12"
"2025","48","경상남도","48880","거창군","59268","42","S","기초수급생활대상자","529","146"
"2025","48","경상남도","48890","합천군","39540","11","N","차상위계층 및 한부모가정","114","2"
"2025","48","경상남도","48890","합천군","39540","11","S","기초수급생활대상자","180","17"
"2025","50","제주특별자치도","50110","제주시","485933","325","N","차상위계층 및 한부모가정","3965","88"
"2025","50","제주특별자치도","50110","제주시","485933","325","S","기초수급생활대상자","4915","1615"
"2025","50","제주특별자치도","50130","서귀포시","180293","110","N","차상위계층 및 한부모가정","1412","25"
"2025","50","제주특별자치도","50130","서귀포시","180293","110","S","기초수급생활대상자","1822","471"
"2025","51","강원특별자치도","51110","춘천시","285230","187","N","차상위계층 및 한부모가정","1739","33"
"2025","51","강원특별자치도","51110","춘천시","285230","187","S","기초수급생활대상자","2236","703"
"2025","51","강원특별자치도","51130","원주시","362596","288","N","차상위계층 및 한부모가정","2367","65"
"2025","51","강원특별자치도","51130","원주시","362596","288","S","기초수급생활대상자","2763","764"
"2025","51","강원특별자치도","51150","강릉시","206901","109","N","차상위계층 및 한부모가정","1275","28"
"2025","51","강원특별자치도","51150","강릉시","206901","109","S","기초수급생활대상자","1543","377"
"2025","51","강원특별자치도","51170","동해시","86796","45","N","차상위계층 및 한부모가정","557","9"
"2025","51","강원특별자치도","51170","동해시","86796","45","S","기초수급생활대상자","714","202"
"2025","51","강원특별자치도","51190","태백시","37499","26","N","차상위계층 및 한부모가정","259","8"
"2025","51","강원특별자치도","51190","태백시","37499","26","S","기초수급생활대상자","344","74"
"2025","51","강원특별자치도","51210","속초시","80119","39","N","차상위계층 및 한부모가정","614","10"
"2025","51","강원특별자치도","51210","속초시","80119","39","S","기초수급생활대상자","697","149"
"2025","51","강원특별자치도","51230","삼척시","61110","21","N","차상위계층 및 한부모가정","311","3"
"2025","51","강원특별자치도","51230","삼척시","61110","21","S","기초수급생활대상자","392","92"
"2025","51","강원특별자치도","51720","홍천군","66390","23","N","차상위계층 및 한부모가정","228","5"
"2025","51","강원특별자치도","51720","홍천군","66390","23","S","기초수급생활대상자","322","75"
"2025","51","강원특별자치도","51730","횡성군","45823","17","N","차상위계층 및 한부모가정","134","6"
"2025","51","강원특별자치도","51730","횡성군","45823","17","S","기초수급생활대상자","207","33"
"2025","51","강원특별자치도","51750","영월군","36309","10","N","차상위계층 및 한부모가정","180","6"
"2025","51","강원특별자치도","51750","영월군","36309","10","S","기초수급생활대상자","226","14"
"2025","51","강원특별자치도","51760","평창군","39911","15","N","차상위계층 및 한부모가정","109","5"
"2025","51","강원특별자치도","51760","평창군","39911","15","S","기초수급생활대상자","109","24"
"2025","51","강원특별자치도","51770","정선군","33311","7","N","차상위계층 및 한부모가정","130","2"
"2025","51","강원특별자치도","51770","정선군","33311","7","S","기초수급생활대상자","152","14"
"2025","51","강원특별자치도","51780","철원군","40031","24","N","차상위계층 및 한부모가정","186","4"
"2025","51","강원특별자치도","51780","철원군","40031","24","S","기초수급생활대상자","245","54"
"2025","51","강원특별자치도","51790","화천군","22587","6","N","차상위계층 및 한부모가정","88","2"
"2025","51","강원특별자치도","51790","화천군","22587","6","S","기초수급생활대상자","108","20"
"2025","51","강원특별자치도","51800","양구군","20502","9","N","차상위계층 및 한부모가정","86","1"
"2025","51","강원특별자치도","51800","양구군","20502","9","S","기초수급생활대상자","133","24"
"2025","51","강원특별자치도","51810","인제군","30956","12","N","차상위계층 및 한부모가정","122","5"
"2025","51","강원특별자치도","51810","인제군","30956","12","S","기초수급생활대상자","148","38"
"2025","51","강원특별자치도","51820","고성군","26779","5","N","차상위계층 및 한부모가정","122","2"
"2025","51","강원특별자치도","51820","고성군","26779","5","S","기초수급생활대상자","124","23"
"2025","51","강원특별자치도","51830","양양군","27331","9","N","차상위계층 및 한부모가정","109","3"
"2025","51","강원특별자치도","51830","양양군","27331","9","S","기초수급생활대상자","130","21"
"2025","52","전북특별자치도","52110","전주시","629618","418","N","차상위계층 및 한부모가정","5639","123"
"2025","52","전북특별자치도","52110","전주시","629618","418","S","기초수급생활대상자","7041","2243"
"2025","52","전북특별자치도","52111","완산구","318533","0","N","차상위계층 및 한부모가정",,"0"
"2025","52","전북특별자치도","52111","완산구","318533","0","S","기초수급생활대상자",,"0"
"2025","52","전북특별자치도","52113","덕진구","311085","0","N","차상위계층 및 한부모가정",,"0"
"2025","52","전북특별자치도","52113","덕진구","311085","0","S","기초수급생활대상자",,"0"
"2025","52","전북특별자치도","52130","군산시","256646","126","N","차상위계층 및 한부모가정","2100","71"
"2025","52","전북특별자치도","52130","군산시","256646","126","S","기초수급생활대상자","2775","775"
"2025","52","전북특별자치도","52140","익산시","267659","179","N","차상위계층 및 한부모가정","2847","78"
"2025","52","전북특별자치도","52140","익산시","267659","179","S","기초수급생활대상자","3487","917"
"2025","52","전북특별자치도","52180","정읍시","101121","66","N","차상위계층 및 한부모가정","872","28"
"2025","52","전북특별자치도","52180","정읍시","101121","66","S","기초수급생활대상자","1156","322"
"2025","52","전북특별자치도","52190","남원시","74988","44","N","차상위계층 및 한부모가정","693","27"
"2025","52","전북특별자치도","52190","남원시","74988","44","S","기초수급생활대상자","928","294"
"2025","52","전북특별자치도","52210","김제시","81420","39","N","차상위계층 및 한부모가정","718","16"
"2025","52","전북특별자치도","52210","김제시","81420","39","S","기초수급생활대상자","967","316"
"2025","52","전북특별자치도","52710","완주군","100229","62","N","차상위계층 및 한부모가정","878","18"
"2025","52","전북특별자치도","52710","완주군","100229","62","S","기초수급생활대상자","1172","362"
"2025","52","전북특별자치도","52720","진안군","24171","8","N","차상위계층 및 한부모가정","134","6"
"2025","52","전북특별자치도","52720","진안군","24171","8","S","기초수급생활대상자","194","41"
"2025","52","전북특별자치도","52730","무주군","22904","9","N","차상위계층 및 한부모가정","106","2"
"2025","52","전북특별자치도","52730","무주군","22904","9","S","기초수급생활대상자","169","33"
"2025","52","전북특별자치도","52740","장수군","20444","4","N","차상위계층 및 한부모가정","115","1"
"2025","52","전북특별자치도","52740","장수군","20444","4","S","기초수급생활대상자","173","50"
"2025","52","전북특별자치도","52750","임실군","25345","12","N","차상위계층 및 한부모가정","151","5"
"2025","52","전북특별자치도","52750","임실군","25345","12","S","기초수급생활대상자","241","62"
"2025","52","전북특별자치도","52770","순창군","26760","6","N","차상위계층 및 한부모가정","182","1"
"2025","52","전북특별자치도","52770","순창군","26760","6","S","기초수급생활대상자","244","16"
"2025","52","전북특별자치도","52790","고창군","50546","10","N","차상위계층 및 한부모가정","357","13"
"2025","52","전북특별자치도","52790","고창군","50546","10","S","기초수급생활대상자","570","80"
"2025","52","전북특별자치도","52800","부안군","47486","19","N","차상위계층 및 한부모가정","290","11"
"2025","52","전북특별자치도","52800","부안군","47486","19","S","기초수급생활대상자","361","78"
